Swap no.,PDB ID of swap,Superfamily ID,Description
1,11ba,3.10.130.10,"BINDING OF A SUBSTRATE ANALOGUE TO A DOMAIN SWAPPING PROTEIN IN THE COMPLEX OF BOVINE SEMINAL RIBONUCLEASE WITH URIDYLYL-2',5'-ADENOSINE"
2,11bg,3.10.130.10,A POTENTIAL ALLOSTERIC SUBSITE GENERATED BY DOMAIN SWAPPING IN BOVINE SEMINAL RIBONUCLEASE
3,1a2w,3.10.130.10,CRYSTAL STRUCTURE OF A 3D DOMAIN-SWAPPED DIMER OF BOVINE PANCREATIC RIBONUCLEASE A
4,1a64,2.60.40.10,ENGINEERING A MISFOLDED FORM OF RAT CD2
5,1aoj,2.30.30.40,THE SH3 DOMAIN OF EPS8 EXISTS AS A NOVEL INTERTWINED DIMER
6,1bh5,3.10.180.10,"HUMAN GLYOXALASE I Q33E,E172Q DOUBLE MUTANT"
7,1bj3,3.10.100.10,CRYSTAL STRUCTURE OF COAGULATION FACTOR IX-BINDING PROTEIN (IX-BP) FROM VENOM OF HABU SNAKE WITH A HETERODIMER OF C-TYPE LECTIN DOMAINS
8,1bl9,1.10.760.10,CONFORMATIONAL CHANGES OCCURRING UPON REDUCTION IN NITRITE REDUCTASE FROM PSEUDOMONAS AERUGINOSA
8,1bl9,2.140.10.20,CONFORMATIONAL CHANGES OCCURRING UPON REDUCTION IN NITRITE REDUCTASE FROM PSEUDOMONAS AERUGINOSA
9,1blb,2.60.20.10,CLOSE PACKING OF AN OLIGOMERIC EYE LENS BETA-CRYSTALLIN INDUCES LOSS OF SYMMETRY AND ORDERING OF SEQUENCE EXTENSIONS
10,1bsr,3.10.130.10,BOVINE SEMINAL RIBONUCLEASE STRUCTURE AT 1.9 ANGSTROMS RESOLUTION
11,1buo,3.30.710.10,BTB DOMAIN FROM PLZF
12,1byl,3.10.180.10,BLEOMYCIN RESISTANCE PROTEIN FROM STREPTOALLOTEICHUS HINDUSTANUS
13,1cdc,2.60.40.10,"CD2, N-TERMINAL DOMAIN (1-99), TRUNCATED FORM"
14,1cks,3.30.170.10,HUMAN CKSHS2 ATOMIC STRUCTURE: A ROLE FOR ITS HEXAMERIC ASSEMBLY IN CELL CYCLE CONTROL
15,1cqz,1.10.150.240,CRYSTAL STRUCTURE OF MURINE SOLUBLE EPOXIDE HYDROLASE.
15,1cqz,3.40.50.1000,CRYSTAL STRUCTURE OF MURINE SOLUBLE EPOXIDE HYDROLASE.
15,1cqz,3.40.50.1820,CRYSTAL STRUCTURE OF MURINE SOLUBLE EPOXIDE HYDROLASE.
16,1cr6,1.10.150.240,CRYSTAL STRUCTURE OF MURINE SOLUBLE EPOXIDE HYDROLASE COMPLEXED WITH CPU INHIBITOR
16,1cr6,3.40.50.1000,CRYSTAL STRUCTURE OF MURINE SOLUBLE EPOXIDE HYDROLASE COMPLEXED WITH CPU INHIBITOR
16,1cr6,3.40.50.1820,CRYSTAL STRUCTURE OF MURINE SOLUBLE EPOXIDE HYDROLASE COMPLEXED WITH CPU INHIBITOR
17,1cts,1.10.230.10,CRYSTALLOGRAPHIC REFINEMENT AND ATOMIC MODELS OF TWO DIFFERENT FORMS OF CITRATE SYNTHASE AT 2.7 AND 1.7 ANGSTROMS RESOLUTION
17,1cts,1.10.580.10,CRYSTALLOGRAPHIC REFINEMENT AND ATOMIC MODELS OF TWO DIFFERENT FORMS OF CITRATE SYNTHASE AT 2.7 AND 1.7 ANGSTROMS RESOLUTION
18,1ddt,2.60.40.700,THE REFINED STRUCTURE OF DIMERIC DIPHTHERIA TOXIN AT 2.0 ANGSTROMS RESOLUTION
18,1ddt,1.10.490.40,THE REFINED STRUCTURE OF DIMERIC DIPHTHERIA TOXIN AT 2.0 ANGSTROMS RESOLUTION
18,1ddt,3.90.175.10,THE REFINED STRUCTURE OF DIMERIC DIPHTHERIA TOXIN AT 2.0 ANGSTROMS RESOLUTION
19,1dud,2.70.40.10,DEOXYURIDINE 5'-TRIPHOSPHATE NUCLEOTIDE HYDROLASE (D-UTPASE) COMPLEXED WITH THE SUBSTRATE ANALOGUE DEOXYURIDINE 5'-DIPHOSPHATE (D-UDP)
20,1dww,3.90.340.10,MURINE INDUCIBLE NITRIC OXIDE SYNTHASE OXYGENASE DIMER N-HYDROXYARGININE AND DIHYDROBIOPTERIN
20,1dww,3.90.440.10,MURINE INDUCIBLE NITRIC OXIDE SYNTHASE OXYGENASE DIMER N-HYDROXYARGININE AND DIHYDROBIOPTERIN
20,1dww,3.90.1230.10,MURINE INDUCIBLE NITRIC OXIDE SYNTHASE OXYGENASE DIMER N-HYDROXYARGININE AND DIHYDROBIOPTERIN
21,1dxx,1.10.418.10,N-TERMINAL ACTIN-BINDING DOMAIN OF HUMAN DYSTROPHIN
22,1dz3,3.40.50.2300,DOMAIN-SWAPPING IN THE SPORULATION RESPONSE REGULATOR SPO0A
23,1e0j,3.40.50.300,GP4D HELICASE FROM PHAGE T7 ADPNP COMPLEX
24,1e7d,3.40.1800.10,ENDONUCLEASE VII (ENDOVII) FROM PHAGE T4
24,1e7d,1.10.720.10,ENDONUCLEASE VII (ENDOVII) FROM PHAGE T4
25,1e7l,3.40.1800.10,ENDONUCLEASE VII (ENDOVII) N62D MUTANT FROM PHAGE T4
25,1e7l,1.10.720.10,ENDONUCLEASE VII (ENDOVII) N62D MUTANT FROM PHAGE T4
26,1egg,3.10.100.10,STRUCTURE OF A C-TYPE CARBOHYDRATE-RECOGNITION DOMAIN (CRD-4) FROM THE MACROPHAGE MANNOSE RECEPTOR
27,1egi,3.10.100.10,STRUCTURE OF A C-TYPE CARBOHYDRATE-RECOGNITION DOMAIN (CRD-4) FROM THE MACROPHAGE MANNOSE RECEPTOR
28,1ek1,1.10.150.240,CRYSTAL STRUCTURE OF MURINE SOLUBLE EPOXIDE HYDROLASE COMPLEXED WITH CIU INHIBITOR
28,1ek1,3.40.50.1000,CRYSTAL STRUCTURE OF MURINE SOLUBLE EPOXIDE HYDROLASE COMPLEXED WITH CIU INHIBITOR
28,1ek1,3.40.50.1820,CRYSTAL STRUCTURE OF MURINE SOLUBLE EPOXIDE HYDROLASE COMPLEXED WITH CIU INHIBITOR
29,1ek2,1.10.150.240,CRYSTAL STRUCTURE OF MURINE SOLUBLE EPOXIDE HYDROLASE COMPLEXED WITH CDU INHIBITOR
29,1ek2,3.40.50.1000,CRYSTAL STRUCTURE OF MURINE SOLUBLE EPOXIDE HYDROLASE COMPLEXED WITH CDU INHIBITOR
29,1ek2,3.40.50.1820,CRYSTAL STRUCTURE OF MURINE SOLUBLE EPOXIDE HYDROLASE COMPLEXED WITH CDU INHIBITOR
30,1en7,3.40.1800.10,ENDONUCLEASE VII (ENDOVII) FROM PHAGE T4
30,1en7,1.10.720.10,ENDONUCLEASE VII (ENDOVII) FROM PHAGE T4
31,1f0v,3.10.130.10,Crystal structure of an Rnase A dimer displaying a new type of 3D domain swapping
32,1f2n,2.60.120.20,RICE YELLOW MOTTLE VIRUS
33,1f61,3.20.20.60,CRYSTAL STRUCTURE OF ISOCITRATE LYASE FROM MYCOBACTERIUM TUBERCULOSIS
34,1f8i,3.20.20.60,CRYSTAL STRUCTURE OF ISOCITRATE LYASE:NITROPROPIONATE:GLYOXYLATE COMPLEX FROM MYCOBACTERIUM TUBERCULOSIS
35,1f8m,3.20.20.60,CRYSTAL STRUCTURE OF 3-BROMOPYRUVATE MODIFIED ISOCITRATE LYASE (ICL) FROM MYCOBACTERIUM TUBERCULOSIS
36,1flo,3.30.300.80,FLP Recombinase-Holliday Junction Complex I
36,1flo,1.10.443.10,FLP Recombinase-Holliday Junction Complex I
37,1fro,3.10.180.10,HUMAN GLYOXALASE I WITH BENZYL-GLUTATHIONE INHIBITOR
38,1fyr,3.30.505.10,DIMER FORMATION THROUGH DOMAIN SWAPPING IN THE CRYSTAL STRUCTURE OF THE GRB2-SH2 AC-PYVNV COMPLEX
39,1fzr,3.40.91.30,CRYSTAL STRUCTURE OF BACTERIOPHAGE T7 ENDONUCLEASE I
40,1g5c,3.40.1050.10,CRYSTAL STRUCTURE OF THE 'CAB' TYPE BETA CLASS CARBONIC ANHYDRASE FROM METHANOBACTERIUM THERMOAUTOTROPHICUM
41,1g6u,1.10.287.540,CRYSTAL STRUCTURE OF A DOMAIN SWAPPED DIMER
42,1g85,2.40.128.20,CRYSTAL STRUCTURE OF BOVINE ODORANT BINDING PROTEIN COMPLEXED WITH IS NATURAL LIGAND
43,1g96,3.10.450.10,HUMAN CYSTATIN C; DIMERIC FORM WITH 3D DOMAIN SWAPPING
44,1gme,2.60.40.790,CRYSTAL STRUCTURE AND ASSEMBLY OF AN EUKARYOTIC SMALL HEAT SHOCK PROTEIN
45,1gp9,3.50.4.10,A NEW CRYSTAL FORM OF THE NK1 SPLICE VARIANT OF HGF/SF DEMONSTRATES EXTENSIVE HINGE MOVEMENT AND SUGGESTS THAT THE NK1 DIMER ORIGINATES BY DOMAIN SWAPPING
45,1gp9,2.40.20.10,A NEW CRYSTAL FORM OF THE NK1 SPLICE VARIANT OF HGF/SF DEMONSTRATES EXTENSIVE HINGE MOVEMENT AND SUGGESTS THAT THE NK1 DIMER ORIGINATES BY DOMAIN SWAPPING
46,1gt1,2.40.128.20,COMPLEX OF BOVINE ODORANT BINDING PROTEIN WITH AMINOANTHRACENE AND PYRAZINE
47,1gt3,2.40.128.20,COMPLEX OF BOVINE ODORANT BINDING PROTEIN WITH DIHYDROMYRCENOL
48,1gt4,2.40.128.20,COMPLEX OF BOVINE ODORANT BINDING PROTEIN WITH UNDECANAL
49,1gt5,2.40.128.20,COMPLEXE OF BOVINE ODORANT BINDING PROTEIN WITH BENZOPHENONE
50,1h8x,3.10.130.10,DOMAIN-SWAPPED DIMER OF A HUMAN PANCREATIC RIBONUCLEASE VARIANT
51,1he7,2.60.40.10,HUMAN NERVE GROWTH FACTOR RECEPTOR TRKA
52,1ht9,1.10.238.10,DOMAIN SWAPPING EF-HANDS
53,1hul,1.20.1250.10,A NOVEL DIMER CONFIGURATION REVEALED BY THE CRYSTAL STRUCTURE AT 2.4 ANGSTROMS RESOLUTION OF HUMAN INTERLEUKIN-5
54,1hw7,3.55.30.10,"HSP33, HEAT SHOCK PROTEIN WITH REDOX-REGULATED CHAPERONE ACTIVITY"
54,1hw7,1.10.287.480,"HSP33, HEAT SHOCK PROTEIN WITH REDOX-REGULATED CHAPERONE ACTIVITY"
55,1i1d,3.40.630.30,CRYSTAL STRUCTURE OF YEAST GNA1 BOUND TO COA AND GLNAC-6P
56,1i21,3.40.630.30,CRYSTAL STRUCTURE OF YEAST GNA1
57,1i4m,1.10.790.10,Crystal structure of the human prion protein reveals a mechanism for oligomerization
58,1iip,2.40.100.10,"Bovine Cyclophilin 40, Tetragonal Form"
58,1iip,1.10.150.160,"Bovine Cyclophilin 40, Tetragonal Form"
59,1ilk,1.20.1250.10,INTERLEUKIN-10 CRYSTAL STRUCTURE REVEALS THE FUNCTIONAL DIMER WITH AN UNEXPECTED TOPOLOGICAL SIMILARITY TO INTERFERON GAMMA
60,1iod,3.10.100.10,CRYSTAL STRUCTURE OF THE COMPLEX BETWEEN THE COAGULATION FACTOR X BINDING PROTEIN FROM SNAKE VENOM AND THE GLA DOMAIN OF FACTOR X
61,1ixx,3.10.100.10,CRYSTAL STRUCTURE OF COAGULATION FACTORS IX/X-BINDING PROTEIN (IX/X-BP) FROM VENOM OF HABU SNAKE WITH A HETERODIMER OF C-TYPE LECTIN DOMAINS
62,1j30,1.20.1260.10,"The crystal structure of sulerythrin, a rubrerythrin-like protein from a strictly aerobic and thermoacidiphilic archaeon"
63,1j4v,2.30.60.10,CYANOVIRIN-N
64,1jml,3.10.20.10,Conversion of Monomeric Protein L to an Obligate Dimer by Computational Protein Design
65,1js0,3.10.130.10,Crystal Structure of 3D Domain-swapped RNase A Minor Trimer
66,1jwi,3.10.100.10,"Crystal Structure of Bitiscetin, a von Willeband Factor-dependent Platelet Aggregation Inducer."
67,1jyu,3.30.505.10,Xray Structure of Grb2 SH2 Domain
68,1k04,1.20.5.540,Crystal Structure of the Focal Adhesion Targeting Domain of Focal Adhesion Kinase
68,1k04,1.20.120.330,Crystal Structure of the Focal Adhesion Targeting Domain of Focal Adhesion Kinase
69,1k46,3.30.1570.10,Crystal Structure of the Type III Secretory Domain of Yersinia YopH Reveals a Domain-Swapped Dimer
70,1k4z,2.160.20.70,C-terminal Domain of Cyclase Associated Protein
71,1k50,3.10.20.10,A V49A Mutation Induces 3D Domain Swapping in the B1 Domain of Protein L from Peptostreptococcus magnus
72,1k51,3.10.20.10,A G55A Mutation Induces 3D Domain Swapping in the B1 Domain of Protein L from Peptostreptococcus magnus
73,1k6w,2.30.40.10,The Structure of Escherichia coli Cytosine Deaminase
73,1k6w,3.20.20.140,The Structure of Escherichia coli Cytosine Deaminase
74,1k70,2.30.40.10,"The Structure of Escherichia coli Cytosine Deaminase bound to 4-Hydroxy-3, 4-Dihydro-1H-Pyrimidin-2-one"
74,1k70,3.20.20.140,"The Structure of Escherichia coli Cytosine Deaminase bound to 4-Hydroxy-3, 4-Dihydro-1H-Pyrimidin-2-one"
75,1k75,3.40.50.1980,The L-histidinol dehydrogenase (hisD) structure implicates domain swapping and gene duplication.
75,1k75,1.20.5.1300,The L-histidinol dehydrogenase (hisD) structure implicates domain swapping and gene duplication.
76,1k9u,1.10.238.10,Crystal Structure of the Calcium-Binding Pollen Allergen Phl p 7 (Polcalcin) at 1.75 Angstroem
77,1kae,3.40.50.1980,"L-HISTIDINOL DEHYDROGENASE (HISD) STRUCTURE COMPLEXED WITH L-HISTIDINOL (SUBSTRATE), ZINC AND NAD (COFACTOR)"
77,1kae,1.20.5.1300,"L-HISTIDINOL DEHYDROGENASE (HISD) STRUCTURE COMPLEXED WITH L-HISTIDINOL (SUBSTRATE), ZINC AND NAD (COFACTOR)"
78,1kah,3.40.50.1980,"L-HISTIDINOL DEHYDROGENASE (HISD) STRUCTURE COMPLEXED WITH L-HISTIDINE (PRODUCT), ZN AND NAD (COFACTOR)"
78,1kah,1.20.5.1300,"L-HISTIDINOL DEHYDROGENASE (HISD) STRUCTURE COMPLEXED WITH L-HISTIDINE (PRODUCT), ZN AND NAD (COFACTOR)"
79,1kar,3.40.50.1980,"L-HISTIDINOL DEHYDROGENASE (HISD) STRUCTURE COMPLEXED WITH HISTAMINE (INHIBITOR), ZINC AND NAD (COFACTOR)"
79,1kar,1.20.5.1300,"L-HISTIDINOL DEHYDROGENASE (HISD) STRUCTURE COMPLEXED WITH HISTAMINE (INHIBITOR), ZINC AND NAD (COFACTOR)"
80,1kll,3.10.180.10,Molecular basis of mitomycin C resictance in streptomyces: Crystal structures of the MRD protein with and without a drug derivative
81,1l5b,2.30.60.10,DOMAIN-SWAPPED CYANOVIRIN-N DIMER
82,1l5e,2.30.60.10,The domain-swapped dimer of CV-N in solution
83,1l5x,3.40.1210.10,The 2.0-Angstrom resolution crystal structure of a survival protein E (SurE) homolog from Pyrobaculum aerophilum
84,1l6w,3.20.20.70,Fructose-6-phosphate aldolase
85,1lgp,2.60.200.20,Crystal structure of the FHA domain of the Chfr mitotic checkpoint protein complexed with tungstate
86,1lgq,2.60.200.20,Crystal structure of the FHA domain of the Chfr mitotic checkpoint protein
87,1lom,2.30.60.10,CYANOVIRIN-N DOUBLE MUTANT P51S S52P
88,1lss,3.40.50.720,KTN Mja218 CRYSTAL STRUCTURE IN COMPLEX WITH NAD+
89,1lsu,3.40.50.720,KTN Bsu222 Crystal Structure in Complex with NADH
90,1lxe,3.10.450.10,CRYSTAL STRUCTURE OF THE CATHELICIDIN MOTIF OF PROTEGRINS
91,1m0d,3.40.91.30,Crystal Structure of Bacteriophage T7 Endonuclease I with a Wild-Type Active Site and Bound Manganese Ions
92,1m0i,3.40.91.30,Crystal Structure of Bacteriophage T7 Endonuclease I with a Wild-Type Active Site
93,1m3d,2.170.240.10,Structure of Type IV Collagen NC1 Domains
94,1mfz,1.20.5.170,Partially refined 2.8 A Crystal structure of GDP-mannose dehydrogenase from P. aeruginosa
94,1mfz,3.40.50.720,Partially refined 2.8 A Crystal structure of GDP-mannose dehydrogenase from P. aeruginosa
95,1mi7,1.10.1270.10,Crystal Structure of Domain Swapped trp Aporepressor in 30%(v/v) Isopropanol
96,1mn3,1.10.8.10,Cue domain of yeast Vps9p
97,1mo1,3.30.1340.10,"CRYSTAL STRUCTURE AT 1.8 ANGSTROMS OF SELENO METHIONYLED CRH, THE BACILLUS SUBTILIS CATABOLITE REPRESSION CONTAINING PROTEIN CRH REVEALS AN UNEXPECTED SWAPPING DOMAIN AS AN UNTERTWINNED DIMER"
98,1mu4,3.30.1340.10,CRYSTAL STRUCTURE AT 1.8 ANGSTROMS OF THE BACILLUS SUBTILIS CATABOLITE REPRESSION HISTIDINE CONTAINING PROTEIN (CRH)
99,1muu,3.40.50.720,2.0 A crystal structure of GDP-mannose dehydrogenase
99,1muu,1.20.5.170,2.0 A crystal structure of GDP-mannose dehydrogenase
100,1mv8,3.40.50.720,1.55 A crystal structure of a ternary complex of GDP-mannose dehydrogenase from Psuedomonas aeruginosa
100,1mv8,1.20.5.170,1.55 A crystal structure of a ternary complex of GDP-mannose dehydrogenase from Psuedomonas aeruginosa
101,1n1c,1.20.120.1820,Crystal Structure Of The Dimeric TorD Chaperone From Shewanella Massilia
101,1n1c,1.20.1280.20,Crystal Structure Of The Dimeric TorD Chaperone From Shewanella Massilia
102,1n9j,3.10.450.10,Solution Structure of the 3D domain swapped dimer of Stefin A
103,1nir,1.10.760.10,OXYDIZED NITRITE REDUCTASE FROM PSEUDOMONAS AERUGINOSA
103,1nir,2.140.10.20,OXYDIZED NITRITE REDUCTASE FROM PSEUDOMONAS AERUGINOSA
104,1nno,1.10.760.10,CONFORMATIONAL CHANGES OCCURRING UPON NO BINDING IN NITRITE REDUCTASE FROM PSEUDOMONAS AERUGINOSA
104,1nno,2.140.10.20,CONFORMATIONAL CHANGES OCCURRING UPON NO BINDING IN NITRITE REDUCTASE FROM PSEUDOMONAS AERUGINOSA
105,1nnq,2.20.28.10,rubrerythrin from Pyrococcus furiosus Pfu-1210814
105,1nnq,1.20.1260.10,rubrerythrin from Pyrococcus furiosus Pfu-1210814
106,1npb,3.10.180.10,Crystal structure of the fosfomycin resistance protein from transposon Tn2921
107,1npr,2.60.320.10,CRYSTAL STRUCTURE OF AQUIFEX AEOLICUS NUSG IN C222(1)
107,1npr,3.30.70.940,CRYSTAL STRUCTURE OF AQUIFEX AEOLICUS NUSG IN C222(1)
107,1npr,2.30.30.30,CRYSTAL STRUCTURE OF AQUIFEX AEOLICUS NUSG IN C222(1)
108,1nqb,2.60.40.10,TRIVALENT ANTIBODY FRAGMENT
109,1o4w,3.40.50.1010,Crystal structure of PIN (PilT N-terminus) domain (AF0591) from Archaeoglobus fulgidus at 1.90 A resolution
110,1o5o,3.40.50.2020,Crystal structure of Uracil phosphoribosyltransferase (TM0721) from Thermotoga maritima at 2.30 A resolution
111,1o5q,3.20.20.60,Crystal Structure of Pyruvate and Mg2+ bound 2-methylisocitrate lyase (PrpB) from Salmonella typhimurium
112,1obp,2.40.128.20,ODORANT-BINDING PROTEIN FROM BOVINE NASAL MUCOSA
113,1om3,2.60.40.10,FAB 2G12 unliganded
114,1op3,2.60.40.10,Crystal Structure of Fab 2G12 bound to Man1->2Man
115,1op5,2.60.40.10,Crystal Structure of Fab 2G12 bound to Man9GlcNAc2
116,1oqf,3.20.20.60,Crystal structure of the 2-methylisocitrate lyase
117,1osy,2.60.40.1790,Crystal structure of FIP-Fve fungal immunomodulatory protein
118,1ow6,1.20.5.540,Paxillin LD4 motif bound to the Focal Adhesion Targeting (FAT) domain of the Focal Adhesion Kinase
118,1ow6,1.20.120.330,Paxillin LD4 motif bound to the Focal Adhesion Targeting (FAT) domain of the Focal Adhesion Kinase
119,1oy0,3.20.20.60,"The crystal Structure of the First Enzyme of Pantothenate Biosynthetic Pathway, Ketopantoate Hydroxymethyltransferase from Mycobacterium Tuberculosis Shows a Decameric Assembly and Terminal Helix-Swapping"
120,1p3q,1.10.8.10,Mechanism of Ubiquitin Recognition by the CUE Domain of VPS9
120,1p3q,3.10.20.90,Mechanism of Ubiquitin Recognition by the CUE Domain of VPS9
121,1p93,1.10.565.10,CRYSTAL STRUCTURE OF THE AGONIST FORM OF GLUCOCORTICOID RECEPTOR
122,1puc,3.30.170.10,P13SUC1 IN A STRAND-EXCHANGED DIMER
123,1pwk,3.30.740.10,Structure of the Monomeric 8-kDa Dynein Light Chain and Mechanism of Domain Swapped Dimer Assembly
124,1pym,3.20.20.60,PHOSPHOENOLPYRUVATE MUTASE FROM MOLLUSK IN WITH BOUND MG2-OXALATE
125,1q10,3.10.20.10,Ensemble of 40 Structures of the Dimeric Mutant of the B1 Domain of Streptococcal Protein G
126,1q8m,2.60.40.10,Crystal structure of the human myeloid cell activating receptor TREM-1
127,1qb3,3.30.170.10,CRYSTAL STRUCTURE OF THE CELL CYCLE REGULATORY PROTEIN CKS1
128,1qom,3.90.340.10,MURINE INDUCIBLE NITRIC OXIDE SYNTHASE OXYGENASE DIMER (DELTA 65) WITH SWAPPED N-TERMINAL HOOK
128,1qom,3.90.440.10,MURINE INDUCIBLE NITRIC OXIDE SYNTHASE OXYGENASE DIMER (DELTA 65) WITH SWAPPED N-TERMINAL HOOK
128,1qom,3.90.1230.10,MURINE INDUCIBLE NITRIC OXIDE SYNTHASE OXYGENASE DIMER (DELTA 65) WITH SWAPPED N-TERMINAL HOOK
129,1qq2,3.40.30.10,"CRYSTAL STRUCTURE OF A MAMMALIAN 2-CYS PEROXIREDOXIN, HBP23"
130,1qwi,3.30.300.20,Crystal Structure of E. coli OsmC
131,1qx5,1.10.238.10,Crystal structure of apoCalmodulin
132,1qx7,1.10.238.10,Crystal structure of apoCaM bound to the gating domain of small conductance Ca2+-activated potassium channel
133,1r4c,3.10.450.10,N-Truncated Human Cystatin C; Dimeric Form With 3D Domain Swapping
134,1r5c,3.10.130.10,X-ray structure of the complex of Bovine seminal ribonuclease swapping dimer with d(CpA)
135,1r5d,3.10.130.10,X-ray structure of bovine seminal ribonuclease swapping dimer from a new crystal form
136,1r7h,3.40.30.10,NrdH-redoxin of Corynebacterium ammoniagenes forms a domain-swapped dimer
137,1r8j,1.10.1240.30,Crystal Structure of Circadian Clock Protein KaiA from Synechococcus elongatus
137,1r8j,3.40.50.2300,Crystal Structure of Circadian Clock Protein KaiA from Synechococcus elongatus
138,1r9x,2.30.40.10,Bacterial cytosine deaminase D314G mutant.
138,1r9x,3.20.20.140,Bacterial cytosine deaminase D314G mutant.
139,1r9y,2.30.40.10,Bacterial cytosine deaminase D314A mutant.
139,1r9y,3.20.20.140,Bacterial cytosine deaminase D314A mutant.
140,1r9z,2.30.40.10,Bacterial cytosine deaminase D314S mutant.
140,1r9z,3.20.20.140,Bacterial cytosine deaminase D314S mutant.
141,1s8o,1.10.150.240,Human soluble Epoxide Hydrolase
141,1s8o,3.40.50.1000,Human soluble Epoxide Hydrolase
141,1s8o,3.40.50.1820,Human soluble Epoxide Hydrolase
142,1sb2,3.10.100.10,High resolution Structure determination of rhodocetin
143,1sce,3.30.170.10,CRYSTAL STRUCTURE OF THE CELL CYCLE REGULATORY PROTEIN SUC1 REVEALS A NOVEL BETA-HINGE CONFORMATIONAL SWITCH
144,1sgk,2.60.40.700,NUCLEOTIDE-FREE DIPHTHERIA TOXIN
144,1sgk,1.10.490.40,NUCLEOTIDE-FREE DIPHTHERIA TOXIN
144,1sgk,3.90.175.10,NUCLEOTIDE-FREE DIPHTHERIA TOXIN
145,1sjv,2.60.40.10,Three-Dimensional Structure of a Llama VHH Domain Swapping
146,1snd,2.40.50.90,"STAPHYLOCOCCAL NUCLEASE DIMER CONTAINING A DELETION OF RESIDUES 114-119 COMPLEXED WITH CALCIUM CHLORIDE AND THE COMPETITIVE INHIBITOR DEOXYTHYMIDINE-3', 5'-DIPHOSPHATE"
147,1sr9,1.10.1220.20,Crystal Structure of LeuA from Mycobacterium tuberculosis
147,1sr9,3.20.20.70,Crystal Structure of LeuA from Mycobacterium tuberculosis
147,1sr9,3.30.160.270,Crystal Structure of LeuA from Mycobacterium tuberculosis
147,1sr9,1.10.287.1400,Crystal Structure of LeuA from Mycobacterium tuberculosis
148,1sva,2.60.175.10,SIMIAN VIRUS 40
149,1t92,3.30.700.10,Crystal structure of N-terminal truncated pseudopilin PulG
150,1t98,1.20.58.590,Crystal Structure of MukF(1-287)
150,1t98,1.10.10.10,Crystal Structure of MukF(1-287)
151,1tij,3.10.450.10,3D Domain-swapped human cystatin C with amyloid-like intermolecular beta-sheets
152,1tq9,3.10.130.10,"Non-covalent swapped dimer of Bovine Seminal Ribonuclease in complex with 2'-DEOXYCYTIDINE-2'-DEOXYADENOSINE-3', 5'-MONOPHOSPHATE"
153,1tuw,3.30.70.1090,Structural and Functional Analysis of Tetracenomycin F2 Cyclase from Streptomyces glaucescens: A Type-II Polyketide Cyclase
154,1u0r,2.60.200.30,Crystal structure of Mycobacterium tuberculosis NAD kinase
154,1u0r,3.40.50.10330,Crystal structure of Mycobacterium tuberculosis NAD kinase
155,1u0t,2.60.200.30,Crystal structure of Mycobacterium tuberculosis NAD kinase
155,1u0t,3.40.50.10330,Crystal structure of Mycobacterium tuberculosis NAD kinase
156,1u4n,3.40.50.1820,Crystal Structure Analysis of the M211S/R215L EST2 mutant
157,1u7h,3.30.1780.10,Structure and a Proposed Mechanism for Ornithine Cyclodeaminase from Pseudomonas putida
157,1u7h,3.40.50.720,Structure and a Proposed Mechanism for Ornithine Cyclodeaminase from Pseudomonas putida
158,1ukm,3.10.100.10,"Crystal structure of EMS16, an Antagonist of collagen receptor integrin alpha2beta1 (GPIa/IIa)"
159,1vj5,1.10.150.240,Human soluble Epoxide Hydrolase- N-cyclohexyl-N'-(4-iodophenyl)urea complex
159,1vj5,3.40.50.1000,Human soluble Epoxide Hydrolase- N-cyclohexyl-N'-(4-iodophenyl)urea complex
159,1vj5,3.40.50.1820,Human soluble Epoxide Hydrolase- N-cyclohexyl-N'-(4-iodophenyl)urea complex
160,1w58,3.30.1330.20,FTSZ GMPCPP SOAK I213 (M. JANNASCHII)
160,1w58,3.40.50.1440,FTSZ GMPCPP SOAK I213 (M. JANNASCHII)
161,1w5f,3.30.1330.20,"FTSZ T7 MUTATED, DOMAIN SWAPPED (T. MARITIMA)"
161,1w5f,3.40.50.1440,"FTSZ T7 MUTATED, DOMAIN SWAPPED (T. MARITIMA)"
162,1wkq,3.40.140.10,Crystal Structure of Bacillus subtilis Guanine Deaminase. The first domain-swapped structure in the cytidine deaminase superfamily
163,1wwa,2.60.40.10,NGF BINDING DOMAIN OF HUMAN TRKA RECEPTOR
164,1wwb,2.60.40.10,LIGAND BINDING DOMAIN OF HUMAN TRKB RECEPTOR
165,1wwc,2.60.40.10,NT3 BINDING DOMAIN OF HUMAN TRKC RECEPTOR
166,1x0g,2.60.300.12,Crystal Structure of IscA with the [2Fe-2S] cluster
167,1x2w,3.10.100.10,Crystal Structure of Apo-Habu IX-bp at pH 4.6
168,1x7d,3.30.1780.10,Crystal Structure Analysis of Ornithine Cyclodeaminase Complexed with NAD and ornithine to 1.6 Angstroms
168,1x7d,3.40.50.720,Crystal Structure Analysis of Ornithine Cyclodeaminase Complexed with NAD and ornithine to 1.6 Angstroms
169,1xcb,3.40.50.720,X-ray Structure of a Rex-Family Repressor/NADH Complex from Thermus Aquaticus
169,1xcb,1.10.10.10,X-ray Structure of a Rex-Family Repressor/NADH Complex from Thermus Aquaticus
170,1xiu,1.10.565.10,Crystal structure of the agonist-bound ligand-binding domain of Biomphalaria glabrata RXR
171,1xml,3.30.428.10,Structure of human Dcps
171,1xml,3.30.200.40,Structure of human Dcps
172,1xmm,3.30.428.10,Structure of human Dcps bound to m7GDP
172,1xmm,3.30.2240.10,Structure of human Dcps bound to m7GDP
172,1xmm,3.30.200.40,Structure of human Dcps bound to m7GDP
173,1xuu,3.90.1210.10,Crystal structure of sialic acid synthase (NeuB) in complex with Mn2+ and Malate from Neisseria meningitidis
173,1xuu,3.20.20.70,Crystal structure of sialic acid synthase (NeuB) in complex with Mn2+ and Malate from Neisseria meningitidis
174,1xuz,3.90.1210.10,"Crystal structure analysis of sialic acid synthase (NeuB)from Neisseria meningitidis, bound to Mn2+, Phosphoenolpyruvate and N-acetyl mannosaminitol"
174,1xuz,3.20.20.70,"Crystal structure analysis of sialic acid synthase (NeuB)from Neisseria meningitidis, bound to Mn2+, Phosphoenolpyruvate and N-acetyl mannosaminitol"
175,1y50,3.30.1340.10,X-ray crystal structure of Bacillus stearothermophilus Histidine phosphocarrier protein (Hpr) F29W mutant domain_swapped dimer
176,1y7q,1.10.4020.10,Mammalian SCAN domain dimer is a domain-swapped homologue of the HIV capsid C-terminal domain
177,1y8n,3.30.565.10,Crystal structure of the PDK3-L2 complex
177,1y8n,2.40.50.100,Crystal structure of the PDK3-L2 complex
177,1y8n,1.20.140.20,Crystal structure of the PDK3-L2 complex
178,1y8o,3.30.565.10,Crystal structure of the PDK3-L2 complex
178,1y8o,2.40.50.100,Crystal structure of the PDK3-L2 complex
178,1y8o,1.20.140.20,Crystal structure of the PDK3-L2 complex
179,1y8p,3.30.565.10,Crystal structure of the PDK3-L2 complex
179,1y8p,2.40.50.100,Crystal structure of the PDK3-L2 complex
179,1y8p,1.20.140.20,Crystal structure of the PDK3-L2 complex
180,1y92,3.10.130.10,Crystal structure of the P19A/N67D Variant Of Bovine seminal Ribonuclease
181,1y94,3.10.130.10,Crystal structure of the G16S/N17T/P19A/S20A/N67D Variant Of Bovine seminal Ribonuclease
182,1yfb,2.10.260.10,The solution structure of the N-domain of the transcription factor abrB
183,1ygt,3.30.1140.40,Dynein Light Chain TcTex-1
184,1ysf,2.10.260.10,The solution structure of the N-domain of the transcription factor abrB
185,1yvs,3.10.450.30,Trimeric domain swapped barnase
186,1zd2,1.10.150.240,Human soluble epoxide hydrolase 4-(3-cyclohexyluriedo)-ethanoic acid complex
186,1zd2,3.40.50.1000,Human soluble epoxide hydrolase 4-(3-cyclohexyluriedo)-ethanoic acid complex
186,1zd2,3.40.50.1820,Human soluble epoxide hydrolase 4-(3-cyclohexyluriedo)-ethanoic acid complex
187,1zd3,1.10.150.240,Human soluble epoxide hydrolase 4-(3-cyclohexyluriedo)-butyric acid complex
187,1zd3,3.40.50.1000,Human soluble epoxide hydrolase 4-(3-cyclohexyluriedo)-butyric acid complex
187,1zd3,3.40.50.1820,Human soluble epoxide hydrolase 4-(3-cyclohexyluriedo)-butyric acid complex
188,1zd4,1.10.150.240,Human soluble epoxide hydrolase 4-(3-cyclohexyluriedo)-hexanoic acid complex
188,1zd4,3.40.50.1000,Human soluble epoxide hydrolase 4-(3-cyclohexyluriedo)-hexanoic acid complex
188,1zd4,3.40.50.1820,Human soluble epoxide hydrolase 4-(3-cyclohexyluriedo)-hexanoic acid complex
189,1zd5,1.10.150.240,Human soluble epoxide hydrolase 4-(3-cyclohexyluriedo)-heptanoic acid complex
189,1zd5,3.40.50.1000,Human soluble epoxide hydrolase 4-(3-cyclohexyluriedo)-heptanoic acid complex
189,1zd5,3.40.50.1820,Human soluble epoxide hydrolase 4-(3-cyclohexyluriedo)-heptanoic acid complex
190,1zls,2.60.40.10,FAB 2G12 + Man4
191,1zlu,2.60.40.10,FAB 2G12 + Man5
192,1zlv,2.60.40.10,Fab 2G12 + Man7
193,1zlw,2.60.40.10,Fab 2G12 + Man8
194,1zv1,1.10.8.10,Crystal structure of the dimerization domain of doublesex protein from D. melanogaster
195,1zvn,2.60.40.60,Crystal structure of chick MN-cadherin EC1
196,1zxk,2.60.40.60,Crystal Structure of Cadherin8 EC1 domain
197,2a07,1.10.10.10,Crystal Structure of Foxp2 bound Specifically to DNA.
198,2a4e,2.60.40.60,Crystal structure of mouse cadherin-11 EC1-2
199,2a5h,6.20.120.40,"2.1 Angstrom X-ray crystal structure of lysine-2, 3-aminomutase from Clostridium subterminale SB4 with Michaelis analog (L-alpha-lysine external aldimine form of pyridoxal-5'-phosphate)"
199,2a5h,3.20.20.70,"2.1 Angstrom X-ray crystal structure of lysine-2, 3-aminomutase from Clostridium subterminale SB4 with Michaelis analog (L-alpha-lysine external aldimine form of pyridoxal-5'-phosphate)"
199,2a5h,6.10.140.1170,"2.1 Angstrom X-ray crystal structure of lysine-2, 3-aminomutase from Clostridium subterminale SB4 with Michaelis analog (L-alpha-lysine external aldimine form of pyridoxal-5'-phosphate)"
200,2a62,No Superfamily Found,Crystal structure of mouse cadherin-8 EC1-3
201,2a9u,1.20.58.80,Structure of the N-terminal domain of Human Ubiquitin carboxyl-terminal hydrolase 8 (USP8)
202,2ahr,1.10.3730.10,Crystal Structures of 1-Pyrroline-5-Carboxylate Reductase from Human Pathogen Streptococcus pyogenes
202,2ahr,3.40.50.720,Crystal Structures of 1-Pyrroline-5-Carboxylate Reductase from Human Pathogen Streptococcus pyogenes
203,2ak7,3.30.1340.10,structure of a dimeric P-Ser-Crh
204,2amf,1.10.3730.10,Crystal structure of 1-Pyrroline-5-Carboxylate Reductase from Human Pathogen Streptococcus Pyogenes
204,2amf,3.40.50.720,Crystal structure of 1-Pyrroline-5-Carboxylate Reductase from Human Pathogen Streptococcus Pyogenes
205,2aoa,3.30.505.10,Crystal structures of a high-affinity macrocyclic peptide mimetic in complex with the Grb2 SH2 domain
206,2aob,3.30.505.10,Crystal structures of a high-affinity macrocyclic peptide mimetic in complex with the Grb2 SH2 domain
207,2b48,1.10.437.10,Bcl-XL 3D Domain Swapped Dimer
208,2bb2,2.60.20.10,X-RAY ANALYSIS OF BETA B2-CRYSTALLIN AND EVOLUTION OF OLIGOMERIC LENS PROTEINS
209,2bh8,2.40.50.140,COMBINATORIAL PROTEIN 1B11
209,2bh8,6.20.370.20,COMBINATORIAL PROTEIN 1B11
210,2bi4,1.20.1090.10,"LACTALDEHYDE:1, 2-PROPANEDIOL OXIDOREDUCTASE OF ESCHERICHIA COLI"
210,2bi4,3.40.50.1970,"LACTALDEHYDE:1, 2-PROPANEDIOL OXIDOREDUCTASE OF ESCHERICHIA COLI"
211,2bl4,1.20.1090.10,"LACTALDEHYDE:1, 2-PROPANEDIOL OXIDOREDUCTASE OF ESCHERICHIA COLI"
211,2bl4,3.40.50.1970,"LACTALDEHYDE:1, 2-PROPANEDIOL OXIDOREDUCTASE OF ESCHERICHIA COLI"
212,2c3b,2.40.100.10,THE CRYSTAL STRUCTURE OF ASPERGILLUS FUMIGATUS CYCLOPHILIN REVEALS 3D DOMAIN SWAPPING OF A CENTRAL ELEMENT
213,2c5j,1.20.58.90,"N-TERMINAL DOMAIN OF TLG1, DOMAIN-SWAPPED DIMER"
214,2cn4,3.30.1500.10,THE CRYSTAL STRUCTURE OF THE SECRETED DIMERIC FORM OF THE HEMOPHORE HASA REVEALS A DOMAIN SWAPPING WITH AN EXCHANGED HEME LIGAND
215,2co3,2.60.40.1570,"SALMONELLA ENTERICA SAFA PILIN, HEAD-TO-TAIL SWAPPED DIMER OF NTD1 MUTANT"
216,2di3,1.20.120.530,Crystal structure of the transcriptional factor CGL2915 from Corynebacterium glutamicum
216,2di3,1.10.10.10,Crystal structure of the transcriptional factor CGL2915 from Corynebacterium glutamicum
217,2dsb,3.90.79.10,Crystal structure of human ADP-ribose pyrophosphatase NUDT5
218,2dsc,3.90.79.10,Crystal structure of human ADP-ribose pyrophosphatase NUDT5 in complex with magnesium and ADP-ribose
219,2dsd,3.90.79.10,Crystal structure of human ADP-ribose pyrophosphatase NUDT5 in complex with magnesium and AMP
220,2dwk,1.20.58.900,Crystal structure of the RUN domain of mouse Rap2 interacting protein x
221,2dxl,3.60.21.40,Glycerophosphodiesterase from Enterobacter aerogenes
221,2dxl,3.30.750.180,Glycerophosphodiesterase from Enterobacter aerogenes
222,2es0,1.10.167.10,Structure of the regulator of G-protein signaling domain of RGS6
223,2fi2,1.10.4020.10,Solution structure of the SCAN homodimer from MZF-1/ZNF42
224,2fpn,3.30.2030.10,The crystal structure of the ywmB protein from Bacillus subtilis
224,2fpn,3.30.360.40,The crystal structure of the ywmB protein from Bacillus subtilis
225,2fqm,6.10.140.830,Crystal structure of the oligomerization domain of the phosphoprotein of vesicular stomatitis virus
226,2fzn,1.20.5.460,Structure of the E. coli PutA proline dehydrogenase domain reduced by dithionite and complexed with proline
226,2fzn,3.20.20.220,Structure of the E. coli PutA proline dehydrogenase domain reduced by dithionite and complexed with proline
227,2gh8,2.60.120.20,X-ray structure of a native calicivirus
228,2gsy,2.60.120.660,The 2.6A structure of Infectious Bursal Virus Derived T=1 Particles
228,2gsy,2.60.120.20,The 2.6A structure of Infectious Bursal Virus Derived T=1 Particles
229,2gty,2.100.10.30,Crystal structure of unliganded griffithsin
230,2guc,2.100.10.30,Crystal structure of a complex of griffithsin with mannose at 1.78 A resolution.
231,2gud,2.100.10.30,Crystal structure of a complex of griffithsin with mannose at 0.94 A resolution
232,2gue,2.100.10.30,Crystal structure of a complex of griffithsin with N-acetylglucosamine
233,2gux,2.100.10.30,Selenomethionine derivative of griffithsin
234,2gza,3.40.50.300,Crystal structure of the VirB11 ATPase from the Brucella Suis type IV secretion system in complex with sulphate
234,2gza,3.30.450.90,Crystal structure of the VirB11 ATPase from the Brucella Suis type IV secretion system in complex with sulphate
235,2h46,3.30.505.10,Native domain-swapped dimer crystal structure of the Grb2 SH2 domain
236,2h5k,3.30.505.10,Crystal Structure of Complex Between the Domain-Swapped Dimeric Grb2 SH2 Domain and Shc-Derived Ligand : Ac-NH-pTyr-Val-Asn-NH2
237,2hax,2.40.50.140,Crystal structure of Bacillus caldolyticus cold shock protein in complex with hexathymidine
237,2hax,6.20.370.130,Crystal structure of Bacillus caldolyticus cold shock protein in complex with hexathymidine
238,2hj1,3.10.20.280,Crystal structure of a 3D domain-swapped dimer of protein HI0395 from Haemophilus influenzae
239,2hkn,2.30.30.190,Crystal structure of the CAP-Gly domain of human Dynactin-1 (p150-Glued)
240,2hn1,3.30.460.20,Crystal structure of a CorA soluble domain from A. fulgidus in complex with Co2+
240,2hn1,1.20.58.340,Crystal structure of a CorA soluble domain from A. fulgidus in complex with Co2+
241,2hsn,1.20.1050.10,Structural basis of yeast aminoacyl-tRNA synthetase complex formation revealed by crystal structures of two binary sub-complexes
241,2hsn,1.20.1050.110,Structural basis of yeast aminoacyl-tRNA synthetase complex formation revealed by crystal structures of two binary sub-complexes
241,2hsn,3.40.30.170,Structural basis of yeast aminoacyl-tRNA synthetase complex formation revealed by crystal structures of two binary sub-complexes
242,2hyq,2.100.10.30,Crystal structure of a complex of griffithsin with 6alpha-mannobiose
243,2hyr,2.100.10.30,Crystal structure of a complex of griffithsin with maltose
244,2hzk,3.40.190.170,Crystal structures of a sodium-alpha-keto acid binding subunit from a TRAP transporter in its open form
244,2hzk,3.40.190.10,Crystal structures of a sodium-alpha-keto acid binding subunit from a TRAP transporter in its open form
245,2hzl,3.40.190.170,Crystal structures of a sodium-alpha-keto acid binding subunit from a TRAP transporter in its closed forms
245,2hzl,3.40.190.10,Crystal structures of a sodium-alpha-keto acid binding subunit from a TRAP transporter in its closed forms
246,2iey,3.40.50.300,Crystal Structure of mouse Rab27b bound to GDP in hexagonal space group
247,2if0,3.40.50.300,Crystal Structure of mouse Rab27b bound to GDP in monoclinic space group
248,2iv0,3.40.718.10,THERMAL STABILITY OF ISOCITRATE DEHYDROGENASE FROM ARCHAEOGLOBUS FULGIDUS STUDIED BY CRYSTAL STRUCTURE ANALYSIS AND ENGINEERING OF CHIMERS
249,2j6g,No Superfamily Found,"FAEG FROM F4AC ETEC STRAIN 5_95, PRODUCED IN TOBACCO PLANT CHLOROPLAST"
250,2j6r,No Superfamily Found,"FAEG FROM F4AC ETEC STRAIN GIS26, PRODUCED IN TOBACCO PLANT CHLOROPLAST"
251,2nlu,2.30.30.140,Domain-Swapped Dimer of the PWWP Module of Human Hepatoma-derived Growth Factor
251,2nlu,4.10.80.150,Domain-Swapped Dimer of the PWWP Module of Human Hepatoma-derived Growth Factor
252,2nsn,1.10.533.10,Crystal structure of Caspace Activation and Recruitment Domain (CARD) of NOD1
253,2nu5,2.100.10.30,Crystal structure of a complex of griffithsin cocrystallized with N-acetylglucosamine
254,2nuo,2.100.10.30,Crystal structure of a complex of griffithsin with glucose
255,2nz7,1.10.533.10,Crystal Structure Analysis of Caspase-recruitment Domain (CARD) of Nod1
256,2-Oct,3.10.450.10,Stefin B (Cystatin B) tetramer
257,2ont,1.10.1200.30,A swapped dimer of the HIV-1 capsid C-terminal domain
258,2oqr,3.40.50.2300,The structure of the response regulator RegX3 from Mycobacterium tuberculosis
258,2oqr,1.10.10.10,The structure of the response regulator RegX3 from Mycobacterium tuberculosis
258,2oqr,6.10.250.690,The structure of the response regulator RegX3 from Mycobacterium tuberculosis
259,2osg,2.30.42.10,Solution Structure and Binding Property of the Domain-swapped Dimer of ZO2PDZ2
260,2oya,3.10.250.10,Crystal structure analysis of the dimeric form of the SRCR domain of mouse MARCO
261,2p1j,3.30.420.10,Crystal structure of a polC-type DNA polymerase III exonuclease domain from Thermotoga maritima
261,2p1j,1.20.5.140,Crystal structure of a polC-type DNA polymerase III exonuclease domain from Thermotoga maritima
262,2p1l,No Superfamily Found,Structure of the Bcl-XL:Beclin 1 complex
263,2p67,3.40.50.300,Crystal structure of LAO/AO transport system kinase
263,2p67,1.10.287.130,Crystal structure of LAO/AO transport system kinase
263,2p67,1.20.5.170,Crystal structure of LAO/AO transport system kinase
264,2pa7,2.60.120.10,"Structure of Wild-Type dTDP-4-keto-6-deoxy-D-glucose-3, 4-ketoisomerase from Aneurinibacillus thermoaerophilus in complex with TDP"
265,2pae,2.60.120.10,"Structure of a H49N mutant dTDP-4-keto-6-deoxy-D-glucose-3, 4-ketoisomerase from Aneurinibacillus thermoaerophilus in complex with TDP"
266,2pah,1.10.800.10,TETRAMERIC HUMAN PHENYLALANINE HYDROXYLASE
267,2pak,2.60.120.10,"Structure of a H51N mutant dTDP-4-keto-6-deoxy-D-glucose-3, 4-ketoisomerase from Aneurinibacillus thermoaerophilus complexed with TDP"
268,2pam,2.60.120.10,"Structure of a H49N, H51N double mutant dTDP-4-keto-6-deoxy-D-glucose-3, 4-ketoisomerase from Aneurinibacillus thermoaerophilus complexed with TDP"
269,2pjw,1.20.5.1940,The Vps27/Hse1 complex is a GAT domain-based scaffold for ubiquitin-dependent sorting
270,2pqm,3.40.50.1100,Crystal structure of Cysteine Synthase (OASS) from Entamoeba histolytica at 1.86 A resolution
271,2qdn,2.60.120.40,Crystal Structure of mouse GITRL
272,2qyp,1.10.225.10,Orthorhombic Crystal Structure of Human Saposin C Dimer in Open Conformation
273,2rcz,2.30.42.10,Structure of the second PDZ domain of ZO-1
274,2spc,1.20.58.60,CRYSTAL STRUCTURE OF THE REPETITIVE SEGMENTS OF SPECTRIN
275,2vaj,2.60.40.10,CRYSTAL STRUCTURE OF NCAM2 IG1 (I4122 CELL UNIT)
276,2vty,1.10.437.10,VACCINIA VIRUS ANTI-APOPTOTIC F1L IS A NOVEL BCL-2-LIKE DOMAIN SWAPPED DIMER
277,2w1t,3.30.450.40,CRYSTAL STRUCTURE OF B. SUBTILIS SPOVT
277,2w1t,2.10.260.10,CRYSTAL STRUCTURE OF B. SUBTILIS SPOVT
278,2z4h,2.40.128.300,Crystal structure of the Cpx pathway activator NlpE from Escherichia coli
278,2z4h,2.40.50.540,Crystal structure of the Cpx pathway activator NlpE from Escherichia coli
279,2z4i,2.40.128.300,Crystal structure of the Cpx pathway activator NlpE from Escherichia coli
279,2z4i,2.40.50.540,Crystal structure of the Cpx pathway activator NlpE from Escherichia coli
280,2z9a,1.10.225.10,Crystal Structure of Human Saposin C Dimer in Open Conformation
281,2zej,3.40.50.300,Structure of the ROC domain from the Parkinson's disease-associated leucine-rich repeat kinase 2 reveals a dimeric GTPase
281,2zej,3.30.70.1390,Structure of the ROC domain from the Parkinson's disease-associated leucine-rich repeat kinase 2 reveals a dimeric GTPase
282,2znh,3.30.497.10,Crystal Structure of a Domain-Swapped Serpin Dimer
282,2znh,2.30.39.10,Crystal Structure of a Domain-Swapped Serpin Dimer
282,2znh,6.20.40.10,Crystal Structure of a Domain-Swapped Serpin Dimer
283,3b9i,2.60.120.40,Crystal Structure of mouse GITRL at 2.5 A.
284,3bco,3.10.130.10,Crystal Structure of The Swapped FOrm of P19A/L28Q/N67D BS-RNase
285,3bcp,3.10.130.10,Crystal Structure of The Swapped non covalent form of P19A/L28Q/N67D BS-RNase
286,3bm5,3.40.50.1100,Crystal structure of O-acetyl-serine sulfhydrylase from Entamoeba histolytica in complex with cysteine
287,3cyy,2.30.42.10,The crystal structure of ZO-1 PDZ2 in complex with the Cx43 peptide
288,3d6t,3.40.50.300,Structure of the ROC domain from the Parkinson's disease-associated leucine-rich repeat kinase 2 reveals a dimeric GTPase
288,3d6t,3.30.70.1390,Structure of the ROC domain from the Parkinson's disease-associated leucine-rich repeat kinase 2 reveals a dimeric GTPase
289,3eot,2.60.40.10,"Crystal structure of LAC031, an engineered anti-VLA1 Fab"
290,3ezm,2.30.60.10,CYANOVIRIN-N
291,3fig,1.10.1220.20,Crystal Structure of Leucine-bound LeuA from Mycobacterium tuberculosis
291,3fig,3.20.20.70,Crystal Structure of Leucine-bound LeuA from Mycobacterium tuberculosis
291,3fig,3.30.160.270,Crystal Structure of Leucine-bound LeuA from Mycobacterium tuberculosis
291,3fig,1.10.287.1400,Crystal Structure of Leucine-bound LeuA from Mycobacterium tuberculosis
292,5cro,3.30.240.10,REFINED STRUCTURE OF CRO REPRESSOR PROTEIN FROM BACTERIOPHAGE LAMBDA
293,7cat,2.40.180.10,THE NADPH BINDING SITE ON BEEF LIVER CATALASE
293,7cat,4.10.91.20,THE NADPH BINDING SITE ON BEEF LIVER CATALASE
293,7cat,1.20.1370.60,THE NADPH BINDING SITE ON BEEF LIVER CATALASE